eligible_to_vote,count,n_respondents,pct_of_respondents
Yes,4165,8030,0.5186799501867995
Not sure,1676,8030,0.2087173100871731
No,1585,8030,0.19738480697384808