vote_impact_government_level,count,n_respondents,pct_of_respondents
State,2100,7082,0.2965264049703474
City / Town,2025,7082,0.2859361762214064
Federal,1660,7082,0.2343970629765603
County,605,7082,0.08542784524145722